{
  "accessibilityPrompt": true,
  "alwaysOnTop": false,
  "arch": "x64",
  "asar": false,
  "blockExternalUrls": false,
  "bounce": false,
  "buildDate": 1713773351753,
  "clearCache": false,
  "counter": false,
  "darwinDarkModeSupport": true,
  "disableContextMenu": false,
  "disableDevTools": true,
  "disableGpu": false,
  "disableOldBuildWarning": false,
  "electronVersionUsed": "25.7.0",
  "enableEs3Apis": false,
  "fastQuit": false,
  "fullScreen": false,
  "height": 800,
  "hideWindowFrame": false,
  "ignoreCertificate": false,
  "ignoreGpuBlacklist": false,
  "insecure": false,
  "isUpgrade": false,
  "name": "KIIT CSE",
  "nativefierVersion": "52.0.0",
  "portable": false,
  "quiet": false,
  "showMenuBar": false,
  "singleInstance": false,
  "strictInternalUrls": false,
  "targetUrl": "https://bibek10550.github.io/kiitcse",
  "tray": "false",
  "userAgentHonest": false,
  "width": 1280,
  "widevine": false,
  "win32metadata": {
    "ProductName": "KIIT CSE",
    "InternalName": "KIIT CSE",
    "FileDescription": "KIIT CSE resource hub simplifies your educational journey in Computer Science and Engineering (CSE). It offers: Previous Year Questions (PYQs), Concise Notes, Video Lectures."
  },
  "zoom": 1,
  "oldBuildWarningText": ""
}